; ===== 트레잇 오써링 CSV (기존 182 스켈레톤 + 새 스키마) =====
; 인코딩 규약: design/traits_authoring_sample.csv 상단 참조
; ★ effects/bridges 값 전부 잠정 1차 패스 — 세부 다듬기/통합 밸런싱에서 조정
; effects/bridges/subMain/subSub/acquire/rarity/contraPair = 밸런싱/콘텐츠 패스에서 채움
; 신규 로스터 이름(trait_roster.md [신])은 아직 미포함 — id 부여 후 추가

[combat]
id,name,category,tier,rarity,subMain,subSub,acquire,apCost,element,dmgMult,target,effects,bridges,contraPair,description
CT_PIERCE,찌르기,전투,1,,공격형,위,,1,위,1,single,,,,위 속성 기본 공격. 단일 대상 찌르기.
CT_VENOM_STING,독침,전투,1,,제어형,식,,1,식,0.8,single,,special|dot독|0.2,,식 속성. 독 지속 데미지를 부여하는 침.
CT_COLD_RADIATION,냉기방사,전투,1,,공격형,열,,2,열,1.2,area,,,,열 속성 — 열을 빨아들여 주변을 냉각. 범위 데미지.
CT_HEAT_WALL,내열벽,전투,1,,방어형,열,,0,열,0,self,,stat|defense.열|add|0.3,,패시브. 열 속성 피격 시 데미지 감소.
CT_FLASH_SLASH,섬광참,전투,2,,공격형,광,,2,광,1.5,single,,,,광 속성. 선제공격 보정이 붙는 고데미지 참격.
CT_OVERLOAD,과부하,전투,2,,공격형,위,,3,위,2,single,,,,AP 1 추가 소비로 데미지가 크게 증폭된다.
CT_CORROSION_FIELD,부식장,전투,2,,공격형,식,,2,식,0.7,area,,,,식 속성 범위 공격. 매 라운드 범위가 확대된다.
CT_ASH_RESIDUE,소각재,전투,2,,지원형,None,,0,None,0,self,탐사|드랍률|mult|1.2,,,패시브. 전투 종료 후 재료 드랍률에 보정을 준다.
CT_CRUSHING_CHARGE,분쇄돌진,전투,2,,공격형,동,,3,동,1.8,single,,,,물리+동 복합 공격. 선제 시 추가 데미지가 붙는다.
CT_INTIMIDATION,위압,전투,2,,제어형,None,,1,None,0,all_enemies,,special|enemyAtkDown|0.1,,적 전체의 공격력을 소폭 하락시킨다.
CT_HARDEN,경화,전투,1,,방어형,None,,0,None,0,self,,stat|DEF|add|0.1|when:피격,,패시브. 피격 시 일정 확률로 방어가 상승한다.
CT_EROSION_BITE,침식물기,전투,1,,공격형,식,,1,식,0.9,single,,,,식 속성 근접. 시간 경과로 추가 데미지가 발생한다.
CT_BINDING_THREAD,결속사,전투,2,,제어형,광,,2,광,0.5,single,,special|enemySpeedDown|0.2,,광 속성. 적의 행동을 지연시키는 실을 발사한다.
CT_SEAL_LIGHT,봉인광,전투,2,,제어형,광,,2,광,0.6,single,,special|sealTrait|1,,광 속성. 적 트레잇 하나를 일시적으로 무력화한다.
CT_DISSOLVE_FLUID,용해액,전투,1,,제어형,열,,1,열,0.8,single,,special|enemyDefDown|0.2,,열 속성 — 녹이는 방향. 적 방어를 감소시킨다.
CT_DISASSEMBLE_ANALYZE,해체분석,전투,1,,치명형,위,,1,위,0.6,single,,special|markWeak|1,,위 속성. 적 약점을 감지하여 다음 공격에 보정을 부여한다.
CT_CURRENT,해류,전투,2,,지원형,열,,2,열,0.4,all_allies,,special|allyHeal|0.05,,열 속성 — 수온 조절로 환경 변화. 아군 회복 보정.
CT_PARALYSIS_TENTACLE,마비촉수,전투,2,,제어형,광,,2,광,0.7,single,,special|마비|0.3,,광 속성. 적을 마비시킬 확률이 있다.
CT_PINCER_STRIKE,협격,전투,2,,공격형,열,,2,열,1.4,single,,,,열+동 복합 공격. 집게로 잡아 열을 주입한다.
CT_LIGHT_ARMOR,경갑,전투,2,,방어형,None,,0,None,0,self,,stat|defense.물리|add|0.15,,패시브. 물리 내성이 소폭 상승한다.
CT_PURIFY,정화,전투,1,,지원형,식,,1,식,0,single_ally,,special|allyCleanse|1,,식 속성. 아군 하나의 상태이상을 해제한다.
CT_FOCUSED_LIGHT,집속광,전투,1,,공격형,광,,2,광,1.6,single,,,,광 속성. 단일 대상 고데미지.
CT_DISTILL,증류,전투,2,,제어형,열,,1,열,0.5,single,,special|enemyBuffStrip|1,,열 속성. 적의 버프 하나를 제거한다.
CT_PARALYSIS_POISON,마비독,전투,2,,제어형,식,,2,식,0.6,single,,special|enemyApDown|1,,식 속성. 적의 AP를 감소시키는 독.
CT_SCALES,인분,전투,2,,방어형,식,,1,식,0.4,area,,stat|defense.물리|add|0.15 ; stat|defense.열|add|-0.1,,식 속성. 독 인분을 뿌려 범위 미량 지속 데미지.
CT_CRYSTAL_BARRIER,결정방벽,전투,2,,지원형,동,,2,동,0,self,,special|physReflect|0.2,,동 속성. 물리 공격을 반사할 확률을 얻는다.
CT_SELF_REPAIR,자기수복,전투,2,,지원형,None,,0,None,0,self,,stat|HP|add|0.05|when:라운드,,패시브. 매 라운드 HP가 소량 회복된다.
CT_IRON_WALL,철벽,전투,2,,방어형,None,,0,None,0,self,,stat|피해감소|add|scaleBy:DEF,,패시브. 피격 시 내구에 비례하여 데미지를 감소시킨다.
CT_GUARDIAN,수호,전투,2,,지원형,None,,1,None,0,single_ally,,special|coverAlly|1,,인접 아군이 받을 피격을 대신 받는다.
CT_AMBUSH,암습,전투,1,,공격형,동,,2,동,2,single,,,,동 속성. 선제 공격 시 데미지가 2배가 된다.
CT_EROSION_THREAD,침식사,전투,2,,공격형,식,,2,식,0.7,single,,,,식 속성. 적의 장비 내구도를 감소시키는 실.
CT_BINDING,속박,전투,2,,제어형,식,,1,식,0,single,,special|enemySpeedDown|0.2,,적을 속박하여 속도를 감소시킨다.
CT_DISMANTLE,해체,전투,2,,치명형,광,,2,광,1.3,single,,special|defIgnoreChance|0.3,,광 속성. 적의 방어 구조를 분석해 방어를 무시할 확률을 얻는다.
CT_POISON_MIST,독무,전투,2,,공격형,식,,2,식,0.5,area,,,,식 속성 범위 독무. 매 라운드 지속 데미지.
CT_EVASION_DANCE,회피무,전투,2,,회피형,None,,0,None,0,self,,stat|회피|add|0.15,,패시브. 회피율이 상승한다.
CT_PRECISION_INCISION,정밀절개,전투,2,,공격형,위,,3,위,2,single,,,,위 속성. 방어를 무시하는 고데미지 단일 공격.
CT_WEAK_POINT_DETECT,약점감지,전투,2,,치명형,None,,0,None,0,self,,special|revealWeak|1 ; target|weakpoint,,패시브. 전투 시작 시 적의 약점을 공개한다.
CT_KARMIC_FLAME,업화,전투,2,,공격형,열,,2,열,1.2,single,,,,열 속성. 연속 공격 시 데미지가 누적으로 증가한다.
CT_TRACKER,추적자,전투,2,,지원형,None,,0,None,0,self,,special|preventFlee|1,,패시브. 적이 도망칠 수 없다.
CT_MIST_FIELD,안개장,전투,1,,지원형,동,,1,동,0,all_allies,,special|allyEvasion|0.1,,동 속성. 아군 전체의 회피율에 보정을 준다.
CT_REFLECT,반사,전투,1,,지원형,광,,0,광,0,self,,special|reflect|0.2,,패시브. 피격 데미지의 일부를 반사한다.
CT_SPORE_SPREAD,포자확산,전투,1,,공격형,식,,1,식,0.3,all_enemies,,,,식 속성. 적 전체에 미량의 지속 데미지를 부여한다.
CT_SYMBIOSIS,공생,전투,1,,지원형,None,,0,None,0,single_ally,,special|allyHeal|0.05,,패시브. 인접 아군의 HP를 소량 회복한다.
CT_FRAGRANCE,향기,전투,2,,제어형,열,,1,열,0,all_enemies,,special|enemyApDown|0.1,,열 속성. 적 전체의 AP를 소량 감소시킨다.
CT_SOOTHE,진정,전투,2,,지원형,None,,0,None,0,all_allies,,special|allyStatusResist|0.2,,패시브. 아군 전체에 상태이상 내성 보정을 준다.
CT_PETRIFY_GAZE,석화시선,전투,2,,제어형,위,,2,위,0.5,single,,special|행동정지|0.2,,위 속성. 적을 행동 정지시킬 확률이 있다.
CT_CRYSTALLIZE,결정화,전투,1,,방어형,동,,0,동,0,self,,stat|DEF|add|0.05|when:피격,,패시브. 피격 시 방어가 소폭 누적 상승한다.
CT_PETRIFY,석화,전투,1,,제어형,위,,1,위,0.5,single,,special|enemySpeedDown|0.3,,위 속성. 적의 속도를 감소시킨다.
CT_FOSSIL_ARMOR,화석갑,전투,1,,방어형,None,,0,None,0,self,,stat|defense.물리|add|0.3 ; stat|속도|mult|0.5,,패시브. 물리 내성이 높지만 속도가 최저.
CT_CRYSTAL_REFLECT,결정반사,전투,2,,방어형,광,,0,광,0,self,,stat|defense.광|add|0.3 ; special|lightReflect|0.2,,패시브. 광 내성이 대폭 상승하고 광 공격을 반사할 확률이 있다.
CT_PRESERVE,방부,전투,2,,제어형,식,,1,식,0.6,single,,special|healBlock|1,,식 속성. 적의 회복 효과를 무효화한다.
CT_SEAL_BIND,봉인포박,전투,2,,제어형,식,,2,식,0,single,,special|sealTrait|1,,적의 트레잇 하나를 봉인한다.
CT_BARRIER,결계,전투,2,,지원형,위,,3,위,0,all_allies,,special|allyNullify|1,,위 속성. 아군 전체의 다음 피격 1회를 무효화한다.
CT_CORAL_EROSION,산호침식,전투,2,,공격형,식,,2,식,0.6,area,,,,식 속성. 지속 데미지를 부여하며 범위가 확산된다.
CT_CAUSAL_THREAD,인과사,전투,2,,제어형,광,,2,광,0.8,single,,special|linkDamage|1,,광 속성. 적 2체를 연결하여 한쪽이 받는 데미지를 다른 쪽도 받게 한다.
CT_SEAL_ART,봉인술,전투,2,,제어형,광,,2,광,0.5,single,,special|sealTrait|1,,광 속성. 적의 트레잇을 봉인한다.
CT_TERRITORY_CONTROL,영역장악,전투,2,,공격형,식,,2,식,1.2,single,,special|zoneControl|1,,범위 지배 보정
CT_IMMOVABLE,부동,전투,2,,방어형,동,,2,동,1.2,single,,override|always|선제:0 ; stat|피해감소|add|0.4,,선제 포기 대신 받는 데미지 대폭 감소
CT_EARTHQUAKE,지진,전투,2,,공격형,동,,2,동,1.2,single,,,,동 속성 범위
CT_MOONLIGHT_DISSOLVE,월광용해,전투,2,,공격형,광,,2,광,1.2,single,,,,광+식 복합· 적 방어를 서서히 녹임
CT_FORM_INSTABILITY,형태 불안정,전투,2,,공격형,광,,2,광,1.2,single,,stat|전체|mult|변동,,매 라운드 스탯 소폭 변동
CT_DEEP_PRESSURE,심압,전투,2,,제어형,위,,2,위,1.2,single,,special|enemyApDown|1,,위 속성· 적 전체 AP 감소
CT_DRAGON_SCALE,용린,전투,2,,방어형,위,,2,위,1.2,single,,stat|defense.물리|add|0.3,,물리 내성 대폭 상승
CT_DECODE,해독,전투,2,,공격형,광,,2,광,1.2,single,탐사|파편로어|mult|1.3,,,파편 로어 해독 보정
CT_PRECISION_ALCHEMY,정밀연성,전투,2,,치명형,열,,2,열,1.2,single,,stat|크리티컬|add|0.2,,열 속성· 크리티컬 확률 대폭 상승
CT_INSIGHT,간파,전투,2,,회피형,열,,2,열,1.2,single,,special|predictEnemy|1 ; stat|회피|add|0.1,,적 행동 예측 보정
CT_DUAL_BODY,이중체,전투,2,,공격형,위,,2,위,1.2,single,,special|extraAction|1,,이중 존재 보정
CT_FATE_EDIT,운명편집,전투,2,,공격형,광,,2,광,1.2,single,,special|fateReroll|1,,특수 보정 효과
CT_ECHO,잔향,전투,2,,지원형,동,,2,동,1.2,single,,special|allyDmgBuff|0.2,,동 속성· 아군 전체 버프 — 다음 행동 데미지 증폭
CT_REQUIEM,진혼가,전투,2,,지원형,동,,2,동,1.2,single,,special|allySupport|1,,특수 지원 효과
CT_MANA_AMPLIFY,마력 증폭,전투,2,,지원형,위,,2,위,1.2,single,,special|allyPowerBuff|0.15,,아군 마력 보정
CT_EARTH_BLESSING,대지의 축복,전투,2,,지원형,동,,2,동,1.2,single,,special|allyDefBuff|0.15,,동 속성· 아군 전체 내구 보정
CT_NATURAL_HEAL,자연치유,전투,2,,지원형,동,,2,동,1.2,single,,stat|HP|add|0.05|when:라운드,,자연 회복 효과

[personality]
id,name,category,tier,rarity,subMain,subSub,acquire,effects,bridges,contraPair,description
PT_FEARLESS,겁없음,성격,1,,기질,,,,weight|공격|0.3,,위험을 두려워하지 않는다. 공격 행동을 선호하고 도주를 꺼린다.
PT_COMBATIVE,호전적,성격,1,,기질,,,,weight|공격|0.25,,싸움을 즐긴다. 공격 행동을 강하게 선호한다.
PT_TIMID,소심,성격,1,,기질,,,,weight|회피|0.2 ; weight|방어|0.2,,겁이 많다. 방어 행동과 도주를 선호한다.
PT_WILDNESS,야성,성격,1,,기질,,,,weight|공격|0.2,,야생의 본능으로 행동한다.
PT_DULL,둔감,성격,1,,기질,,,조교|감도.전부위|gainMult|0.8,,,반응이 느리다. 방어적이지만 도주하지 않는다.
PT_VANITY,허영,성격,1,,사교,,,관계|호의|gainMult|0.9 ; 관계|선물반응|gainMult|1.2,,,자신을 과시하려 한다.
PT_EMOTIONAL_BURST,감정폭발,성격,1,,기질,,,조교|global.전체|mult|변동1.3,,,감정이 폭발하면 공격적으로 변한다.
PT_APATHETIC,무심,성격,1,,기질,,,조교|global.전체|gainMult|0.85,,,관심이 없다. 균형잡힌 행동 패턴.
PT_DOMINATION,지배욕,성격,2,,관계,,,관계|시설효율|mult|1.2 ; 관계|타유닛관계|mult|0.8,,,지배하려 한다. 공격 선호· 도주 거부.
PT_PASSIVE,수동적,성격,1,,관계,,,조교|global.복종|gainMult|1.2,weight|방어|0.15,,스스로 행동하기보다 상황에 따른다.
PT_VIGILANT,경계심,성격,1,,관계,,,관계|호의|gainMult|0.8,weight|회피|0.2,,항상 경계한다. 방어적 행동을 선호한다.
PT_POSSESSIVE,소유욕,성격,1,,관계,,,관계|질투|gainMult|1.3,,,가진 것을 지키려 한다.
PT_CAUTIOUS,신중,성격,1,,마음가짐,,,,weight|방어|0.15 ; target|threat,,신중하게 행동한다.
PT_DUTY,의무감,성격,1,,마음가짐,,,관계|호감도하락|mult|0.7,,,의무를 다하려 한다. 방어적이고 도주하지 않는다.
PT_DEPENDENT,의존,성격,1,,관계,,,관계|호감도|gainMult|1.2|when:동석,,,누군가에게 의존하려 한다.
PT_OBSERVANT,관찰벽,성격,1,,사교,,,탐사|발견|gainMult|1.3,,,관찰하고 분석하려 한다.
PT_INTROVERTED,내향,성격,1,,사교,,,생활|시설효율|mult|1.05 ; 관계|호감도|gainMult|0.9|when:동행,,,안으로 향한다. 방어적 행동 선호.
PT_SEDUCTIVE,유혹,성격,2,,관계,,,관계|교섭|gainMult|1.2,,,유혹적으로 행동한다.
PT_LOYAL,의리,성격,1,,관계,,,관계|호감도하락|mult|0.6,,,의리를 지킨다. 도주하지 않는다.
PT_CURIOUS,호기심,성격,1,,마음가짐,,,조교|역가.숙련|gainMult|1.2 ; 탐사|발견|gainMult|1.15,,,호기심이 강하다.
PT_CRAFTY,교활,성격,1,,관계,,,관계|교섭|gainMult|1.2,,,교활하게 행동한다.
PT_LOYAL_FAITHFUL,충직,성격,1,,관계,,,관계|호감도하락|mult|0.5,stat|ATK|add|0.1|when:호감도단계:gte:유대,,충직하게 따른다.
PT_STUBBORN,완고,성격,1,,마음가짐,,,조교|상태변화|gainMult|0.8,stat|DEF|mult|2.0|when:hpPct:lt:0.3,,쉽게 물러서지 않는다.
PT_CLEAN_FREAK,결벽,성격,1,,마음가짐,,,조교|불결반감|gainMult|1.3,,,불순한 것을 거부한다.
PT_ARROGANT,오만,성격,2,,관계,,,관계|호의|gainMult|0.9,,,자신이 가장 우월하다고 여긴다.
PT_CLINGY,밀착,성격,1,,관계,,,관계|호감도|gainMult|1.2|when:동석,,,가까이 붙어있으려 한다.
PT_DEVOTED,헌신,성격,1,,관계,,,조교|global.복종|gainMult|1.2,,,상대를 위해 헌신한다.
PT_SHY,수줍음,성격,1,,사교,,,조교|감도|gainMult|1.15|when:노출,,,쉽게 부끄러워한다.
PT_AIRHEAD,천연,성격,1,,기질,,,,,,자연스럽고 꾸밈이 없다. [flavor]
PT_MOODY,기분파,성격,1,,기질,,,조교|global.전체|mult|변동,,,기분에 따라 행동이 바뀐다.
PT_OBSESSIVE,집착,성격,1,,관계,,,관계|질투|gainMult|1.4,,,한 가지에 집착한다.
PT_INQUISITIVE,탐구적,성격,1,,사교,,,탐사|발견|gainMult|1.2 ; 탐사|파편로어|gainMult|1.2,,,모든 것을 탐구하려 한다.
PT_EXPRESSIONLESS,무표정,성격,1,,사교,,,,,,표정 변화가 거의 없다. [flavor]
PT_RESIGNED,체념,성격,1,,마음가짐,,,,,,체념하고 있다. [flavor]
PT_ENLIGHTENED,달관,성격,2,,마음가짐,,,,,,세상의 이치를 달관했다. [flavor]
PT_MIMIC,흉내쟁이,성격,1,,사교,,,,,,상대의 행동을 따라한다. [flavor]
PT_DUALITY,양면성,성격,3,,시그니처,,합성,조교|모순공존|gate|1,,,두 가지 면을 가지고 있다.
PT_HOARDER,수집벽,성격,2,,사교,,,탐사|채집|gainMult|1.3,,,수집벽
PT_DETACHED,초연,성격,2,,마음가짐,,,,,,초연 [flavor]
PT_EMBRACE,포용,성격,2,,관계,,,관계|호감도|gainMult|1.15,,,포용
PT_NOBLE,고고,성격,2,,마음가짐,,,,,,고고 [flavor]
PT_EMOTIONLESS_SURFACE,무감정(표면),성격,2,,사교,,,,,,무감정(표면) [flavor]
PT_SADISTIC,가학적,성격,2,,관계,,,조교|가학출력|gainMult|1.2,stat|ATK|add|0.1 ; target|weakpoint,,가학적
PT_DOMINEERING,지배적,성격,2,,관계,,,관계|시설효율|mult|1.15,weight|공격|0.15,,지배적
PT_MERCILESS,냉혹,성격,2,,관계,,,,target|lowHp,,냉혹
PT_MANIACAL_RESEARCH,광적 탐구,성격,2,,관계,,,탐사|미지|gainMult|1.3,,,광적 탐구
PT_TENACITY,집념,성격,2,,관계,,,관계|호감도하락|mult|0.5,,,집념
PT_TRANSCENDENT,초탈,성격,2,,마음가짐,,,,,,초탈 [flavor]
PT_SELF_SACRIFICE,자기희생,성격,2,,관계,,,조교|global.복종|gainMult|1.3 ; 조교|global.반감|gainMult|0,,,자기희생
PT_SILENT,침묵,성격,2,,마음가짐,,,,,,침묵 [flavor]

PT_STEADFAST,꿋꿋함,성격,1,,기질,담력,후보풀,조교|고통|gainMult|0.8 ; 생활|기력|mult|1.1,,,꿋꿋함
PT_SENSITIVE,감수성,성격,1,,기질,감정,후보풀,조교|감도.전부위|gainMult|1.15,,PT_UNFEELING,감수성 효과(잠정)
PT_UNFEELING,감정결여,성격,1,,기질,감정,후보풀,조교|global.전체|gainMult|0.8,,PT_SENSITIVE,감정결여 효과(잠정)
PT_SELF_LOVE,자애,성격,1,,기질,자기상,후보풀,관계|호감도|gainMult|1.1,,,자애
PT_RUEFUL,애석,성격,1,,기질,감정,후보풀,,,,애석 [flavor]
PT_SELF_DOUBT,자격지심,성격,1,,기질,자기상,후보풀,관계|호감도|gainMult|0.9,,PT_ARROGANT,자격지심 효과(잠정)
PT_OPTIMIST,낙관,성격,1,,기질,전망,후보풀,조교|global.공포|gainMult|0.8,,PT_PESSIMIST,낙관 효과(잠정)
PT_PESSIMIST,비관,성격,1,,기질,전망,후보풀,조교|global.공포|gainMult|1.2,,PT_OPTIMIST,비관 효과(잠정)
PT_WHINY,엄살,성격,1,,기질,고통감수,후보풀,조교|고통|gainMult|1.3 ; 조교|global.공포|gainMult|1.1,,PT_HARDY_MIND,엄살
PT_HARDY_MIND,의연,성격,1,,기질,고통감수,후보풀,조교|고통|gainMult|0.7,,PT_WHINY,의연
PT_GLOOMY,음울,성격,1,,기질,공포감수,후보풀,조교|global.공포|gainMult|1.2,,PT_CHEERFUL,음울
PT_CHEERFUL,명랑,성격,1,,기질,공포감수,후보풀,조교|global.공포|gainMult|0.8,,PT_GLOOMY,명랑
PT_PRIDE_HIGH,프라이드높음,성격,1,,기질,자기상,후보풀,조교|global.굴복|gainMult|0.8 ; 조교|기교|gainMult|0.9,,PT_PRIDE_LOW,프라이드높음
PT_PRIDE_LOW,프라이드낮음,성격,1,,기질,자기상,후보풀,조교|global.굴복|gainMult|1.2,,PT_PRIDE_HIGH,프라이드낮음
PT_HONEST,정직,성격,1,,기질,솔직함,후보풀,조교|global.전체|gainMult|1.1,,PT_TSUNDERE,정직 효과(잠정)
PT_TSUNDERE,츤데레,성격,1,,기질,솔직함,후보풀,관계|호감도|gainMult|0.8|when:초기,,PT_HONEST,츤데레 효과(잠정)
PT_SELF_RESTRAINT,자제심,성격,1,,마음가짐,절제,후보풀,조교|쾌락계|gainMult|0.8,,,자제심
PT_CONSERVATIVE,보수적,성격,1,,마음가짐,지향,후보풀,조교|변용도|gainMult|0.8,,PT_CURIOUS,보수적 효과(잠정)
PT_NO_OVERSTEP,일선을넘지않음,성격,1,,마음가짐,절제,후보풀,조교|역가전반|gainMult|0.8,,,일선을넘지않음
PT_WEAK_POINT,약점,성격,1,,마음가짐,기타,후보풀,조교|커맨드실행|gate|0.8,,,약점
PT_INDIFFERENT,무관심,성격,1,,마음가짐,기타,후보풀,조교|global.전체|gainMult|0.8,,,무관심
PT_REPRESSED,억압,성격,1,,마음가짐,해방,후보풀,조교|global.음란|gainMult|0.7,,PT_LIBERATED,억압 효과(잠정)
PT_LIBERATED,해방,성격,1,,마음가짐,해방,후보풀,조교|global.음란|gainMult|1.3,,PT_REPRESSED,해방 효과(잠정)
PT_RESISTANT,저항,성격,1,,마음가짐,기타,후보풀,조교|global.반감|gainMult|1.3 ; 조교|global.욕정|gainMult|0.8,,,저항 효과(잠정)
PT_TIMID_SOCIAL,소극적,성격,1,,사교,사교,후보풀,관계|호의|gainMult|0.8,,PT_SOCIABLE,소극적 효과(잠정)
PT_SOCIABLE,사교적,성격,1,,사교,사교,후보풀,관계|호의|gainMult|1.2,,PT_TIMID_SOCIAL,사교적 효과(잠정)
PT_ATTENTION,눈에띄고싶음,성격,1,,사교,표현,후보풀,조교|노출효과|gainMult|1.3,,,눈에띄고싶음
PT_LITTLE_DEVIL,소악마,성격,2,,성관련,도발,후보풀,조교|global.복종|gainMult|0.8,weight|회피|0.15,,소악마 효과(잠정)
PT_INSTANT_FALL,즉각함락,성격,2,,성관련,함락,후보풀,조교|global.연모|gainMult|1.5 ; 조교|global.복종|gainMult|1.5,,PT_WARY,즉각함락 효과(잠정)
PT_CHASTITY,정조관념,성격,1,,성관련,정조,후보풀,조교|global.반감|gainMult|1.2|when:미함락,,PT_CHASTITY_NONE,정조관념 효과(잠정)
PT_CHASTITY_NONE,정조관둔감,성격,1,,성관련,정조,후보풀,조교|global.반감|gainMult|0.8,,PT_CHASTITY,정조관둔감 효과(잠정)
PT_BASHFUL,부끄럼쟁이,성격,1,,성관련,수치,후보풀,조교|감도|gainMult|1.2|when:노출 ; 조교|global.반감|gainMult|1.1,,PT_SHAMELESS,부끄럼쟁이 효과(잠정)
PT_SHAMELESS,부끄럼없음,성격,1,,성관련,수치,후보풀,조교|노출효과|gainMult|0.8,,PT_BASHFUL,부끄럼없음 효과(잠정)
PT_JEALOUS,질투많음,성격,1,,성관련,감정,후보풀,관계|질투|gainMult|1.5,,,질투많음
PT_YANDERE,얀데레,성격,3,,시그니처,집착,합성,관계|호감도|gainMult|1.5 ; 관계|질투|gainMult|2.0,,,얀데레 효과(잠정)
PT_MADNESS,광기,성격,3,,시그니처,붕괴,변용:붕괴:2,,,,(신규 — effects 미작성)
PT_CHILDISH,유치,성격,2,,시그니처,퇴행,후보풀,조교|global.순종|gainMult|1.2 ; 조교|가슴조교|gainMult|1.2,,,유치
PT_UNFATHOMABLE,종잡을수없음,성격,2,,시그니처,은폐,후보풀,관계|호감도표시|gate|은폐,,,종잡을수없음
PT_TIDY,청결,성격,1,,생활,위생,후보풀,생활|위생시설|mult|1.15,,,청결
PT_PUNCTUAL,시간엄수,성격,1,,생활,시간,후보풀,생활|야근확률|add|-0.1,,,시간엄수
PT_DIET,절식,성격,1,,생활,식습관,후보풀,생활|체중편차|mult|0.8,,,절식
PT_DILIGENT,근면,성격,1,,생활,근면,후보풀,생활|시설효율|mult|1.15,,PT_LAZY,근면 효과(잠정)
PT_LAZY,게으름,성격,1,,생활,근면,후보풀,생활|시설효율|mult|0.85,,PT_DILIGENT,게으름 효과(잠정)
PT_THRIFTY,영리한소비,성격,1,,생활,소비,후보풀,생활|동행비용|add|-1,,,영리한소비
PT_NOBLE,고귀,성격,2,,적성,지식,초기,생활|지식.경영|gainMult|1.2 ; 관계|교섭|gainMult|1.1,,,고귀 적성
PT_ARTISTIC,예술감각,성격,1,,적성,지식,후보풀,생활|지식.예술|gainMult|1.2,,,예술감각 적성
PT_SCHOLARLY,학구열,성격,1,,적성,지식,후보풀,탐사|지식.魔物|gainMult|1.2 ; 생활|지식.역사|gainMult|1.2,,,학구열 적성
[adult]
id,name,category,tier,rarity,subMain,subSub,acquire,effects,bridges,contraPair,description
AT_INEXPERIENCED,미경험,성인,1,,체질,,,조교|첫경험|gate|1,,,첫 경험 관련 보정. 초기 상태
AT_DISSOLVING_BODY,용해체질,성인,1,,감도,,,조교|감도.전부위|gainMult|1.2,,,감도 변동 폭 증가· 감각이 녹아드는 체질
AT_NUMB_CONSTITUTION,둔감체질,성인,1,,감도,,,조교|감도.전부위|gainMult|0.7,,,전부위 감도 상승 속도 감소
AT_SLOW_CONSTITUTION,둔화체질,성인,1,,체질,,,조교|상태변화|gainMult|0.7,,,상태 변화 전반 느림
AT_SADIST,S기질,성인,2,,성향,,,조교|global.복종|gainMult|0.8,stat|ATK|add|0.1|when:성향:is:S,,조교자일 때 효과 상승· 가학 계열 보정
AT_SHAME_EXCESS,수치심 과잉,성인,2,,성향,,,조교|감도.전부위|gainMult|1.2|when:수치 ; 조교|global.반감|gainMult|1.2,,,수치 관련 행위 시 감도 추가 상승· 반감도 상승
AT_HYPERSENSITIVITY,과감도,성인,2,,감도,,,조교|감도.전부위|gainMult|1.3,,,전부위 감도 상승 속도 증가
AT_OBSESSIVE_BOND,집착결속,성인,2,,반응,,,조교|관계변동|mult|1.5,,,특정 대상 고정· 관계 수치 변동 극단화
AT_TRUST_UNLOCK,신뢰개방,성인,1,,반응,,,관계|해금조건|gate|0.7,,,호감도 기반 해금 조건 완화
AT_GUARD_RELEASE,보호벽 해제,성인,2,,반응,,,조교|global.연모|add|20|when:해금,,,해금 시 연모 대량 상승
AT_PLASTICITY,가소성,성인,1,,감도,,,조교|감도성장방향|gate|1,,,감도 성장 방향 가변· 학습형 반응과 시너지
AT_LEARNING_RESPONSE,학습형 반응,성인,1,,감도,,,조교|감도.부위|gainMult|1.3|when:반복,,,반복 행위 시 해당 부위 감도 상승 가속
AT_SENSORY_CONFUSION,감각혼선,성인,2,,감도,,,조교|감도.부위|set|랜덤,,,부위별 감도가 불규칙하게 교차 반응
AT_FICKLE_SENSITIVITY,변덕감도,성인,2,,감도,,,조교|감도|mult|주기변동,,,감도 수치가 주기적으로 변동
AT_DEFENSELESS,무방비,성인,1,,반응,,,조교|global.반감|gainMult|0 ; 조교|global.공포|gainMult|0,,,반감/공포 상승 불가· 대신 모든 행위 무저항
AT_FAINT_SENSE,희미한 감각,성인,1,,감도,,,조교|감도|gainMult|0.7 ; 조교|절정임계|thresholdMult|0.7,,,감도 상승 느리지만 절정 임계점도 낮음
AT_DISSECTION_SENSITIVITY,해부감도,성인,2,,감도,,,조교|감도.부위|mult|극단,,,부위별 감도 차이가 극단적· 분석 계열 시너지
AT_RECORD_CONSTITUTION,기록체질,성인,2,,체질,,,조교|반복보정|gainMult|1.2,,,경험한 행위의 기록이 수치에 영향· 반복 보정
AT_POISON_SENSITIVITY,독감도,성인,2,,약물,,,조교|약물|gainMult|1.5,,,약물/독 계열 아이템 효과 증폭
AT_ANESTHETIC_SENSITIVITY,마취감도,성인,2,,약물,,,조교|마취|gainMult|1.5 ; 조교|global.공포|gainMult|0.7,,,마취/무감각 계열 효과 증폭· 공포 상승 감소
AT_MASOCHIST,M기질,성인,2,,성향,,,조교|고통변환|gainMult|1.3 ; 조교|감도.전부위|gainMult|1.1,,,고통→쾌감 변환 보정. S기질의 반대축
AT_HONEST_PLEASURE,쾌감순응,성인,1,,성향,,,조교|global.반감|gainMult|0.7 ; 조교|감도|gainMult|1.2,,,조교 시 반감 상승 감소· 감도 상승 증가
AT_DENIAL,쾌감부정,성인,1,,성향,,,조교|global.반감|gainMult|1.3 ; 조교|감도|gainMult|0.8,,,반감 상승 증가· 감도 상승 감소
AT_WET_EASY,과습체질,성인,1,,체질,,,조교|윤활|gainMult|1.5,,,윤활 상승 빠름· 특정 행위 해금 조건 완화
AT_DRY_CONSTITUTION,건조체질,성인,1,,체질,,,조교|윤활|gainMult|0.6 ; 조교|고통|gainMult|1.2,,,윤활 상승 느림· 고통 상승 증가
AT_DRUG_RESISTANCE,약물내성,성인,2,,약물,,,조교|약물|gainMult|0.5,,,미약/약물 아이템 효과 감소
AT_DRUG_SENSITIVITY,약물감수성,성인,2,,약물,,,조교|약물|gainMult|1.5 ; 조교|중독|gainMult|1.3,,,약물 효과 증폭· 중독 상승 빠름
AT_LACTATION,비유체질,성인,2,,체질,,,조교|부위.가슴|unlock|1,,,특수 부위 해금· 가슴 관련 행위 확장
AT_HEAT_CYCLE,발정주기,성인,2,,체질,,,조교|감도.전부위|gainMult|1.2|when:주기,,,주기적 감도 전부위 변동 보정
AT_DEVOTION_RESPONSE,헌신반응,성인,1,,반응,,,조교|감도|gainMult|1.2|when:봉사,,,봉사 계열 행위 시 감도 상승 보정
AT_PAIN_CONVERT,고통변환,성인,2,,반응,,,조교|고통|mult|0.5 ; 조교|쾌감|add|고통전환,,,고통 수치 일부가 쾌감으로 전환
AT_CORRUPTION_EASE,침식용이,성인,2,,반응,,,조교|성인경험|gainMult|1.3,,,성인 경험치 풀 전체 상승 속도 증가
AT_PURITY_WALL,순결벽,성인,2,,반응,,,조교|global.반감|gainMult|2.0|when:첫경험전,,,첫 경험 전까지 반감 대폭 상승· 이후 급감
AT_IMPRINT_EASY,각인용이,성인,2,,반응,,,조교|침염|gainMult|1.3,,,각인 획득 속도 증가

AT_SADE,새드,성인,2,,성향,가학,후보풀,조교|가학출력|gainMult|1.3,stat|ATK|add|0.05|when:성향:is:S,,새드 효과(잠정)
AT_MASO,마조,성인,2,,성향,피학,후보풀,조교|고통변환|gainMult|1.3,,,마조 효과(잠정)
AT_PERVERSE,도착적,성인,2,,성향,SM,후보풀,조교|SM출력|gainMult|1.3 ; 조교|성인경험|gainMult|1.1,,,도착적 효과(잠정)
AT_DUAL_TASTE,변태,성인,3,,성향,양면,합성,조교|가학출력|gainMult|1.3 ; 조교|고통변환|gainMult|1.3,,,변태 효과(잠정)
AT_CRUEL_AWAKE,가학각성,성인,3,,성향,가학,합성,조교|SM출력|gainMult|1.5,target|weakpoint,,가학각성 효과(잠정)
AT_APHRO_ADDICT,미약중독,성인,2,,약물,중독,후보풀,조교|약물|gainMult|1.3 ; 조교|중독|gainMult|1.5,,,미약중독 효과(잠정)
AT_EASY_MASTURB,자위하기쉬움,성인,1,,결벽,자위,후보풀,조교|자위중독|gainMult|1.3,,,자위하기쉬움 효과(잠정)
AT_SMELL_NUMB,냄새둔감,성인,1,,결벽,후각,후보풀,조교|구강|gainMult|1.2,,AT_SMELL_SENS,냄새둔감 효과(잠정)
AT_SMELL_SENS,냄새민감,성인,1,,결벽,후각,후보풀,조교|구강|gainMult|0.8,,AT_SMELL_NUMB,냄새민감 효과(잠정)
AT_FILTH_IGNORE,불결무시,성인,1,,결벽,위생,후보풀,조교|불결페널티|immune|1,,,불결무시 효과(잠정)
AT_SHAVEN,음모없음,성인,1,,결벽,외형,후보풀,조교|global.음란|gainMult|1.1,,,음모없음 효과(잠정)
AT_SEMEN_TASTE,정애미각,성인,2,,결벽,미각,후보풀,조교|정액중독|gainMult|1.5,,,정애미각 효과(잠정)
[body]
id,name,category,tier,rarity,subMain,subSub,acquire,effects,bridges,contraPair,description,ls_smell,ls_sound,ls_visual,ls_temperature,ls_texture
BT_SMALL_FRAME,소체형,신체,1,,체격,,,,stat|DEF|mult|0.9 ; stat|회피|add|0.1,,DEF 감소· 회피 증가· 고통 상승 보정,,,,,
BT_LARGE_FRAME,대체형,신체,1,,체격,,,,stat|DEF|mult|1.15 ; stat|회피|add|-0.1,,DEF 증가· 회피 감소· 체력 보정,,,,,
BT_RESILIENT,강인,신체,1,,체격,,,생활|회복|mult|1.2 ; 전투|상태이상내성|add|0.2,,,체력 회복 보정· 상태이상 내성,,,,,
BT_FRAGILE,허약,신체,1,,체격,,,생활|회복|mult|0.8 ; 조교|감도|gainMult|1.1,,,체력 회복 감소· 감도 상승 보정,,,,,
BT_FLEXIBLE,유연,신체,1,,체격,,,조교|행위해금|gate|0.8,stat|회피|add|0.05,,특정 조교 행위 해금 조건 완화· 회피 보정,,,,,
BT_RIGID,경직,신체,1,,체격,,,조교|감도|gainMult|0.9,stat|DEF|add|0.05,,방어 보정· 감도 상승 감소,,,,,
BT_SCALES,인분,신체,1,,외형,,,,stat|defense.물리|add|0.15 ; stat|defense.열|add|-0.1,,물리 방어 보정· 열 속성 약점,,,,,
BT_FUR,체모,신체,1,,외형,,,,stat|defense.열|add|0.15 ; stat|defense.식|add|-0.1,,열 내성· 식 속성 약점,,,,,
BT_SLIME_BODY,점액체,신체,2,,외형,,,,stat|defense.물리|mult|0.8,,물리 감소 흡수· 형태 가변,,,,,
BT_CRYSTAL_BODY,결정체,신체,2,,외형,,,,stat|defense.광|add|0.2 ; stat|defense.물리|add|-0.1,,광 속성 반사· 물리 취약,,,,,
BT_WING,유익,신체,2,,외형,,,탐사|이동|mult|1.2,,,이동 보정· 탐사 보너스,,,,,
BT_TAIL,미부,신체,1,,외형,,,,stat|회피|add|0.05,,추가 행동 보정· 감정 표현 보조,,,,,
BT_HORN,각,신체,1,,외형,,,조교|부위특수|unlock|1,,,감각 보정· 특수 부위,,,,,
BT_FORGE_AFFINITY,단조적성,신체,2,,적성,,,생활|시설.공방|mult|1.2,,,가공 효율 상승· 금속 가공 보정,,,,,
BT_TAMING_AFFINITY,조련적성,신체,2,,적성,,,생활|시설.슬라임농장|mult|1.2,,,수급량 증가· 유기체 다루기 보정,,,,,
BT_GUARD_AFFINITY,경비적성,신체,2,,적성,,,생활|시설.탐사경비|mult|1.2 ; 탐사|전투|mult|1.1,,,탐사 전투 보정· 경비 효율,,,,,
BT_HERB_AFFINITY,약초적성,신체,2,,적성,,,생활|약초가공|mult|1.2,,,약초 재료 가공/조합 보정,,,,,
BT_ALCHEMY_AFFINITY,연금적성,신체,2,,적성,,,생활|촉매|mult|1.2 ; 생활|히든레시피|gate|1,,,촉매 계열· 히든 레시피 보정,,,,,
BT_EXPLORATION_BODY,탐사체질,신체,1,,범용,,,탐사|스태미나|mult|1.2 ; 탐사|채집|mult|1.2,,,던전 탐사 스태미나 소비 감소· 채집 보정,,,,,
BT_COMBAT_BODY,전투체형,신체,1,,범용,,,,stat|ATK|add|0.05 ; stat|DEF|add|0.05,,전투 기초 스탯 보정,,,,,

BT_RECOVER_FAST,회복빠름,신체,1,,체질,회복,초기,생활|회복|mult|1.3,,BT_RECOVER_SLOW,회복빠름 효과(잠정),,,,,
BT_RECOVER_SLOW,회복느림,신체,1,,체질,회복,초기,생활|회복|mult|0.7,,BT_RECOVER_FAST,회복느림 효과(잠정),,,,,
BT_ADDICT_EASY,중독되기쉬움,신체,1,,체질,중독,초기,조교|중독|gainMult|1.3,,BT_ADDICT_HARD,중독되기쉬움 효과(잠정),,,,,
BT_ADDICT_HARD,중독되기어려움,신체,1,,체질,중독,초기,조교|중독|gainMult|0.7,,BT_ADDICT_EASY,중독되기어려움 효과(잠정),,,,,
BT_SHAPESHIFT,변환자재,신체,3,,체질,가변,합성,조교|체형가변|gate|1,stat|회피|add|0.05,,변환자재 효과(잠정),,,,,
BT_CAT_TONGUE,고양이혀,신체,1,,체질,특수,초기,조교|구강|gainMult|0.7,,,고양이혀 효과(잠정),,,,,
BT_FLAT,절벽,신체,1,,체형,가슴,초기,조교|감도.가슴|gainMult|1.2 ; 조교|가슴조교|gate|0,,BT_HUGE_BUST,절벽 효과(잠정),,,,,
BT_SMALL_BUST,빈유,신체,1,,체형,가슴,초기,조교|감도.가슴|gainMult|1.1,,,빈유 효과(잠정),,,,,
BT_BIG_BUST,거유,신체,1,,체형,가슴,초기,조교|가슴조교|gainMult|1.2,,,거유 효과(잠정),,,,,
BT_HUGE_BUST,폭유,신체,1,,체형,가슴,초기,조교|가슴조교|gainMult|1.4 ; 조교|감도.가슴|gainMult|0.8,,BT_FLAT,폭유 효과(잠정),,,,,
BT_DWARF,소인체형,신체,1,,체형,체구,초기,조교|고통|gainMult|1.2 ; 조교|일부행위|gate|불가,,,소인체형,,,,,
BT_PETITE,작은체형,신체,1,,체형,체구,초기,조교|고통|gainMult|1.1,stat|회피|add|0.05,BT_TALL,작은체형,,,,,
BT_TALL,장신,신체,1,,체형,체구,초기,,stat|defense.물리|add|0.05,BT_PETITE,장신,,,,,
BT_BUILT,덩치,신체,1,,체형,체구,초기,,stat|DEF|mult|1.1,,덩치,,,,,
BT_GIANT,거구,신체,1,,체형,체구,초기,조교|고통|gainMult|0.8,stat|DEF|mult|1.2 ; stat|회피|add|-0.1,,거구,,,,,
BT_BIG_HIPS,큰엉덩이,신체,1,,체형,둔부,초기,조교|애널조교|gainMult|1.2,,,큰엉덩이 효과(잠정),,,,,
BT_LACTATING,모유분비,신체,1,,성징,모유,조교,조교|부위.가슴|unlock|1,,,모유분비 효과(잠정),,,,,
BT_NIPPLE_TYPE,유두타입,신체,1,,성징,유두,초기,조교|감도.가슴|gainMult|1.1,,,유두타입,,,,,
BT_CLIT_TYPE,음핵타입,신체,1,,성징,음핵,초기,조교|감도.C|gainMult|1.1,,,음핵타입,,,,,
BT_BODY_HAIR,체모성장,신체,1,,성징,체모,초기,,,,체모성장 [flavor],,,,,
BT_VAMPIRE,흡혈귀,신체,2,,종족,generic,초기,생활|회복|mult|밤1.3주간0.7,stat|defense.광|add|-0.1,,흡혈귀,,,,,
BT_DEMON,악마,신체,2,,종족,generic,초기,조교|global.욕정|gainMult|1.2,,,악마,,,,,
BT_DOLL,인형,신체,2,,종족,generic,초기,조교|고통소모|mult|0.7 ; 조교|global.욕정|gainMult|0.8,,,인형,,,,,
BT_MACHINE,기계,신체,2,,종족,generic,초기,조교|약물|immune|1 ; 조교|체질변화|immune|1,,,기계,,,,,
BT_SPIRIT_BODY,영체,신체,2,,종족,generic,초기,전투|물리피해|mult|0.7 ; 생활|기력소모|mult|1.2,,,영체,,,,,
BT_COOK_AFFINITY,요리적성,신체,1,,적성,지식,초기,생활|지식.요리|gainMult|1.2 ; 생활|시설.주방|mult|1.15,,,요리적성 적성,,,,,
BT_SWIM_AFFINITY,수영적성,신체,1,,적성,지식,초기,탐사|지식.수영|gainMult|1.2 ; 탐사|수중|mult|1.2,,,수영적성 적성,,,,,
BT_FISH_AFFINITY,낚시적성,신체,1,,적성,지식,초기,생활|지식.낚시|gainMult|1.2 ; 생활|시설.낚시터|mult|1.15,,,낚시적성 적성,,,,,